INSPECTION_DATE,ZIP_CODE,BOROUGH,count,diff
2011,10001,Manhattan,90,3.0
2012,10001,Manhattan,74,-16.0
2013,10001,Manhattan,38,-36.0
2014,10001,Manhattan,64,26.0
2015,10001,Manhattan,36,-28.0
2016,10001,Manhattan,47,11.0
2017,10001,Manhattan,122,75.0
2011,10002,Manhattan,407,-5.0
2012,10002,Manhattan,357,-50.0
2013,10002,Manhattan,257,-100.0
2014,10002,Manhattan,323,66.0
2015,10002,Manhattan,405,82.0
2016,10002,Manhattan,536,131.0
2017,10002,Manhattan,507,-29.0
2011,10003,Manhattan,229,-13.0
2012,10003,Manhattan,168,-61.0
2013,10003,Manhattan,168,0.0
2014,10003,Manhattan,144,-24.0
2015,10003,Manhattan,202,58.0
2016,10003,Manhattan,453,251.0
2017,10003,Manhattan,351,-102.0
2011,10005,Manhattan,5,-2.0
2012,10005,Manhattan,3,-2.0
2013,10005,Manhattan,2,-1.0
2014,10005,Manhattan,3,1.0
2015,10005,Manhattan,2,-1.0
2016,10005,Manhattan,1,-1.0
2017,10005,Manhattan,2,1.0
2011,10006,Manhattan,6,-21.0
2012,10006,Manhattan,2,-4.0
2013,10006,Manhattan,4,2.0
2014,10006,Manhattan,9,5.0
2015,10006,Manhattan,17,8.0
2016,10006,Manhattan,20,3.0
2017,10006,Manhattan,6,-14.0
2011,10007,Manhattan,35,-18.0
2012,10007,Manhattan,39,4.0
2013,10007,Manhattan,21,-18.0
2014,10007,Manhattan,17,-4.0
2015,10007,Manhattan,43,26.0
2016,10007,Manhattan,19,-24.0
2017,10007,Manhattan,29,10.0
2011,10009,Manhattan,365,-71.0
2012,10009,Manhattan,271,-94.0
2013,10009,Manhattan,310,39.0
2014,10009,Manhattan,250,-60.0
2015,10009,Manhattan,529,279.0
2016,10009,Manhattan,496,-33.0
2017,10009,Manhattan,449,-47.0
2011,10010,Manhattan,52,-12.0
2012,10010,Manhattan,16,-36.0
2013,10010,Manhattan,35,19.0
2014,10010,Manhattan,37,2.0
2015,10010,Manhattan,22,-15.0
2016,10010,Manhattan,43,21.0
2017,10010,Manhattan,42,-1.0
2011,10011,Manhattan,164,-56.0
2012,10011,Manhattan,117,-47.0
2013,10011,Manhattan,32,-85.0
2014,10011,Manhattan,82,50.0
2015,10011,Manhattan,146,64.0
2016,10011,Manhattan,176,30.0
2017,10011,Manhattan,201,25.0
2011,10012,Manhattan,152,-53.0
2012,10012,Manhattan,58,-94.0
2013,10012,Manhattan,49,-9.0
2014,10012,Manhattan,136,87.0
2015,10012,Manhattan,193,57.0
2016,10012,Manhattan,134,-59.0
2017,10012,Manhattan,112,-22.0
2011,10013,Manhattan,302,-82.0
2012,10013,Manhattan,96,-206.0
2013,10013,Manhattan,103,7.0
2014,10013,Manhattan,88,-15.0
2015,10013,Manhattan,152,64.0
2016,10013,Manhattan,127,-25.0
2017,10013,Manhattan,133,6.0
2011,10014,Manhattan,165,-215.0
2012,10014,Manhattan,129,-36.0
2013,10014,Manhattan,71,-58.0
2014,10014,Manhattan,70,-1.0
2015,10014,Manhattan,49,-21.0
2016,10014,Manhattan,245,196.0
2017,10014,Manhattan,155,-90.0
2011,10016,Manhattan,75,-52.0
2012,10016,Manhattan,89,14.0
2013,10016,Manhattan,93,4.0
2014,10016,Manhattan,37,-56.0
2015,10016,Manhattan,33,-4.0
2016,10016,Manhattan,72,39.0
2017,10016,Manhattan,72,0.0
2011,10017,Manhattan,17,-12.0
2012,10017,Manhattan,11,-6.0
2013,10017,Manhattan,7,-4.0
2014,10017,Manhattan,1,-6.0
2015,10017,Manhattan,4,3.0
2016,10017,Manhattan,19,15.0
2017,10017,Manhattan,21,2.0
2011,10018,Manhattan,23,-49.0
2012,10018,Manhattan,28,5.0
2013,10018,Manhattan,6,-22.0
2014,10018,Manhattan,11,5.0
2015,10018,Manhattan,9,-2.0
2016,10018,Manhattan,14,5.0
2017,10018,Manhattan,45,31.0
2011,10019,Manhattan,102,-91.0
2012,10019,Manhattan,92,-10.0
2013,10019,Manhattan,62,-30.0
2014,10019,Manhattan,54,-8.0
2015,10019,Manhattan,43,-11.0
2016,10019,Manhattan,104,61.0
2017,10019,Manhattan,155,51.0
2011,10021,Manhattan,97,-8.0
2012,10021,Manhattan,69,-28.0
2013,10021,Manhattan,38,-31.0
2014,10021,Manhattan,15,-23.0
2015,10021,Manhattan,18,3.0
2016,10021,Manhattan,47,29.0
2017,10021,Manhattan,91,44.0
2011,10022,Manhattan,30,-35.0
2012,10022,Manhattan,38,8.0
2013,10022,Manhattan,20,-18.0
2014,10022,Manhattan,37,17.0
2015,10022,Manhattan,78,41.0
2016,10022,Manhattan,108,30.0
2017,10022,Manhattan,59,-49.0
2011,10023,Manhattan,99,-55.0
2012,10023,Manhattan,134,35.0
2013,10023,Manhattan,113,-21.0
2014,10023,Manhattan,87,-26.0
2015,10023,Manhattan,32,-55.0
2016,10023,Manhattan,73,41.0
2017,10023,Manhattan,160,87.0
2011,10024,Manhattan,158,-148.0
2012,10024,Manhattan,234,76.0
2013,10024,Manhattan,223,-11.0
2014,10024,Manhattan,220,-3.0
2015,10024,Manhattan,161,-59.0
2016,10024,Manhattan,336,175.0
2017,10024,Manhattan,469,133.0
2011,10025,Manhattan,247,-50.0
2012,10025,Manhattan,254,7.0
2013,10025,Manhattan,279,25.0
2014,10025,Manhattan,290,11.0
2015,10025,Manhattan,360,70.0
2016,10025,Manhattan,466,106.0
2017,10025,Manhattan,658,192.0
2011,10026,Manhattan,162,-84.0
2012,10026,Manhattan,179,17.0
2013,10026,Manhattan,207,28.0
2014,10026,Manhattan,188,-19.0
2015,10026,Manhattan,202,14.0
2016,10026,Manhattan,257,55.0
2017,10026,Manhattan,403,146.0
2011,10027,Manhattan,275,-37.0
2012,10027,Manhattan,312,37.0
2013,10027,Manhattan,281,-31.0
2014,10027,Manhattan,336,55.0
2015,10027,Manhattan,239,-97.0
2016,10027,Manhattan,335,96.0
2017,10027,Manhattan,369,34.0
2011,10028,Manhattan,58,-76.0
2012,10028,Manhattan,35,-23.0
2013,10028,Manhattan,60,25.0
2014,10028,Manhattan,63,3.0
2015,10028,Manhattan,85,22.0
2016,10028,Manhattan,242,157.0
2017,10028,Manhattan,261,19.0
2011,10029,Manhattan,224,-144.0
2012,10029,Manhattan,251,27.0
2013,10029,Manhattan,229,-22.0
2014,10029,Manhattan,146,-83.0
2015,10029,Manhattan,535,389.0
2016,10029,Manhattan,475,-60.0
2017,10029,Manhattan,394,-81.0
2011,10030,Manhattan,129,-23.0
2012,10030,Manhattan,181,52.0
2013,10030,Manhattan,104,-77.0
2014,10030,Manhattan,62,-42.0
2015,10030,Manhattan,106,44.0
2016,10030,Manhattan,158,52.0
2017,10030,Manhattan,290,132.0
2011,10031,Manhattan,367,-115.0
2012,10031,Manhattan,389,22.0
2013,10031,Manhattan,295,-94.0
2014,10031,Manhattan,226,-69.0
2015,10031,Manhattan,163,-63.0
2016,10031,Manhattan,408,245.0
2017,10031,Manhattan,455,47.0
2011,10032,Manhattan,346,-67.0
2012,10032,Manhattan,412,66.0
2013,10032,Manhattan,288,-124.0
2014,10032,Manhattan,371,83.0
2015,10032,Manhattan,171,-200.0
2016,10032,Manhattan,254,83.0
2017,10032,Manhattan,239,-15.0
2011,10033,Manhattan,209,-37.0
2012,10033,Manhattan,172,-37.0
2013,10033,Manhattan,388,216.0
2014,10033,Manhattan,387,-1.0
2015,10033,Manhattan,189,-198.0
2016,10033,Manhattan,260,71.0
2017,10033,Manhattan,253,-7.0
2011,10034,Manhattan,119,-50.0
2012,10034,Manhattan,122,3.0
2013,10034,Manhattan,175,53.0
2014,10034,Manhattan,165,-10.0
2015,10034,Manhattan,127,-38.0
2016,10034,Manhattan,160,33.0
2017,10034,Manhattan,354,194.0
2011,10035,Manhattan,148,-49.0
2012,10035,Manhattan,202,54.0
2013,10035,Manhattan,250,48.0
2014,10035,Manhattan,67,-183.0
2015,10035,Manhattan,109,42.0
2016,10035,Manhattan,253,144.0
2017,10035,Manhattan,239,-14.0
2011,10036,Manhattan,96,-43.0
2012,10036,Manhattan,81,-15.0
2013,10036,Manhattan,58,-23.0
2014,10036,Manhattan,50,-8.0
2015,10036,Manhattan,52,2.0
2016,10036,Manhattan,127,75.0
2017,10036,Manhattan,140,13.0
2011,10037,Manhattan,31,-31.0
2012,10037,Manhattan,47,16.0
2013,10037,Manhattan,52,5.0
2014,10037,Manhattan,24,-28.0
2015,10037,Manhattan,21,-3.0
2016,10037,Manhattan,44,23.0
2017,10037,Manhattan,98,54.0
2011,10038,Manhattan,115,7.0
2012,10038,Manhattan,33,-82.0
2013,10038,Manhattan,46,13.0
2014,10038,Manhattan,60,14.0
2015,10038,Manhattan,48,-12.0
2016,10038,Manhattan,114,66.0
2017,10038,Manhattan,82,-32.0
2011,10039,Manhattan,47,-38.0
2012,10039,Manhattan,87,40.0
2013,10039,Manhattan,35,-52.0
2014,10039,Manhattan,30,-5.0
2015,10039,Manhattan,31,1.0
2016,10039,Manhattan,52,21.0
2017,10039,Manhattan,64,12.0
2011,10040,Manhattan,107,-67.0
2012,10040,Manhattan,76,-31.0
2013,10040,Manhattan,130,54.0
2014,10040,Manhattan,182,52.0
2015,10040,Manhattan,138,-44.0
2016,10040,Manhattan,263,125.0
2017,10040,Manhattan,263,0.0
2011,10065,Manhattan,34,-22.0
2012,10065,Manhattan,39,5.0
2013,10065,Manhattan,11,-28.0
2014,10065,Manhattan,13,2.0
2015,10065,Manhattan,16,3.0
2016,10065,Manhattan,46,30.0
2017,10065,Manhattan,93,47.0
2011,10075,Manhattan,62,15.0
2012,10075,Manhattan,48,-14.0
2013,10075,Manhattan,42,-6.0
2014,10075,Manhattan,3,-39.0
2015,10075,Manhattan,8,5.0
2016,10075,Manhattan,34,26.0
2017,10075,Manhattan,47,13.0
2011,10128,Manhattan,174,-69.0
2012,10128,Manhattan,74,-100.0
2013,10128,Manhattan,107,33.0
2014,10128,Manhattan,152,45.0
2015,10128,Manhattan,105,-47.0
2016,10128,Manhattan,310,205.0
2017,10128,Manhattan,403,93.0
2011,10301,Staten Island,34,-2.0
2012,10301,Staten Island,24,-10.0
2013,10301,Staten Island,23,-1.0
2014,10301,Staten Island,64,41.0
2015,10301,Staten Island,10,-54.0
2016,10301,Staten Island,83,73.0
2017,10301,Staten Island,80,-3.0
2011,10302,Staten Island,19,-5.0
2012,10302,Staten Island,9,-10.0
2013,10302,Staten Island,14,5.0
2014,10302,Staten Island,22,8.0
2015,10302,Staten Island,22,0.0
2016,10302,Staten Island,26,4.0
2017,10302,Staten Island,57,31.0
2011,10303,Staten Island,10,-26.0
2012,10303,Staten Island,10,0.0
2013,10303,Staten Island,15,5.0
2014,10303,Staten Island,41,26.0
2015,10303,Staten Island,45,4.0
2016,10303,Staten Island,18,-27.0
2017,10303,Staten Island,17,-1.0
2011,10304,Staten Island,32,-8.0
2012,10304,Staten Island,43,11.0
2013,10304,Staten Island,10,-33.0
2014,10304,Staten Island,35,25.0
2015,10304,Staten Island,11,-24.0
2016,10304,Staten Island,32,21.0
2017,10304,Staten Island,31,-1.0
2011,10305,Staten Island,42,7.0
2012,10305,Staten Island,16,-26.0
2013,10305,Staten Island,19,3.0
2014,10305,Staten Island,28,9.0
2015,10305,Staten Island,3,-25.0
2016,10305,Staten Island,7,4.0
2017,10305,Staten Island,5,-2.0
2011,10306,Staten Island,29,10.0
2012,10306,Staten Island,10,-19.0
2013,10306,Staten Island,19,9.0
2014,10306,Staten Island,12,-7.0
2015,10306,Staten Island,10,-2.0
2016,10306,Staten Island,29,19.0
2017,10306,Staten Island,43,14.0
2011,10307,Staten Island,11,9.0
2012,10307,Staten Island,9,-2.0
2013,10307,Staten Island,6,-3.0
2014,10307,Staten Island,1,-5.0
2015,10307,Staten Island,2,1.0
2016,10307,Staten Island,1,-1.0
2017,10307,Staten Island,1,0.0
2011,10308,Staten Island,10,0.0
2012,10308,Staten Island,4,-6.0
2013,10308,Staten Island,4,0.0
2014,10308,Staten Island,1,-3.0
2015,10308,Staten Island,4,3.0
2016,10308,Staten Island,10,6.0
2017,10308,Staten Island,2,-8.0
2011,10310,Staten Island,8,-11.0
2012,10310,Staten Island,11,3.0
2013,10310,Staten Island,18,7.0
2014,10310,Staten Island,12,-6.0
2015,10310,Staten Island,5,-7.0
2016,10310,Staten Island,16,11.0
2017,10310,Staten Island,32,16.0
2011,10312,Staten Island,53,13.0
2012,10312,Staten Island,23,-30.0
2013,10312,Staten Island,8,-15.0
2014,10312,Staten Island,1,-7.0
2015,10312,Staten Island,19,18.0
2016,10312,Staten Island,4,-15.0
2017,10312,Staten Island,3,-1.0
2011,10314,Staten Island,42,15.0
2012,10314,Staten Island,41,-1.0
2013,10314,Staten Island,36,-5.0
2014,10314,Staten Island,20,-16.0
2015,10314,Staten Island,17,-3.0
2016,10314,Staten Island,32,15.0
2017,10314,Staten Island,30,-2.0
2011,10451,Bronx,219,23.0
2012,10451,Bronx,252,33.0
2013,10451,Bronx,210,-42.0
2014,10451,Bronx,201,-9.0
2015,10451,Bronx,223,22.0
2016,10451,Bronx,275,52.0
2017,10451,Bronx,289,14.0
2011,10452,Bronx,275,85.0
2012,10452,Bronx,332,57.0
2013,10452,Bronx,531,199.0
2014,10452,Bronx,625,94.0
2015,10452,Bronx,597,-28.0
2016,10452,Bronx,763,166.0
2017,10452,Bronx,762,-1.0
2011,10453,Bronx,594,290.0
2012,10453,Bronx,467,-127.0
2013,10453,Bronx,740,273.0
2014,10453,Bronx,642,-98.0
2015,10453,Bronx,547,-95.0
2016,10453,Bronx,956,409.0
2017,10453,Bronx,993,37.0
2011,10454,Bronx,132,-48.0
2012,10454,Bronx,231,99.0
2013,10454,Bronx,33,-198.0
2014,10454,Bronx,41,8.0
2015,10454,Bronx,56,15.0
2016,10454,Bronx,79,23.0
2017,10454,Bronx,254,175.0
2011,10455,Bronx,215,-3.0
2012,10455,Bronx,295,80.0
2013,10455,Bronx,91,-204.0
2014,10455,Bronx,131,40.0
2015,10455,Bronx,159,28.0
2016,10455,Bronx,179,20.0
2017,10455,Bronx,248,69.0
2011,10456,Bronx,955,453.0
2012,10456,Bronx,798,-157.0
2013,10456,Bronx,837,39.0
2014,10456,Bronx,595,-242.0
2015,10456,Bronx,910,315.0
2016,10456,Bronx,837,-73.0
2017,10456,Bronx,1085,248.0
2011,10457,Bronx,1025,288.0
2012,10457,Bronx,1086,61.0
2013,10457,Bronx,1279,193.0
2014,10457,Bronx,1072,-207.0
2015,10457,Bronx,1092,20.0
2016,10457,Bronx,1140,48.0
2017,10457,Bronx,1594,454.0
2011,10458,Bronx,888,237.0
2012,10458,Bronx,1070,182.0
2013,10458,Bronx,1176,106.0
2014,10458,Bronx,1019,-157.0
2015,10458,Bronx,1115,96.0
2016,10458,Bronx,1036,-79.0
2017,10458,Bronx,1273,237.0
2011,10459,Bronx,337,-89.0
2012,10459,Bronx,338,1.0
2013,10459,Bronx,103,-235.0
2014,10459,Bronx,129,26.0
2015,10459,Bronx,354,225.0
2016,10459,Bronx,331,-23.0
2017,10459,Bronx,556,225.0
2011,10460,Bronx,264,96.0
2012,10460,Bronx,209,-55.0
2013,10460,Bronx,338,129.0
2014,10460,Bronx,310,-28.0
2015,10460,Bronx,524,214.0
2016,10460,Bronx,522,-2.0
2017,10460,Bronx,768,246.0
2011,10461,Bronx,10,8.0
2012,10461,Bronx,6,-4.0
2013,10461,Bronx,5,-1.0
2014,10461,Bronx,2,-3.0
2015,10461,Bronx,3,1.0
2016,10461,Bronx,10,7.0
2017,10461,Bronx,16,6.0
2011,10462,Bronx,41,1.0
2012,10462,Bronx,49,8.0
2013,10462,Bronx,62,13.0
2014,10462,Bronx,103,41.0
2015,10462,Bronx,140,37.0
2016,10462,Bronx,199,59.0
2017,10462,Bronx,190,-9.0
2011,10466,Bronx,7,-9.0
2012,10466,Bronx,9,2.0
2013,10466,Bronx,14,5.0
2014,10466,Bronx,11,-3.0
2015,10466,Bronx,17,6.0
2016,10466,Bronx,27,10.0
2017,10466,Bronx,20,-7.0
2011,10467,Bronx,277,36.0
2012,10467,Bronx,509,232.0
2013,10467,Bronx,459,-50.0
2014,10467,Bronx,433,-26.0
2015,10467,Bronx,467,34.0
2016,10467,Bronx,582,115.0
2017,10467,Bronx,1010,428.0
2011,10468,Bronx,509,28.0
2012,10468,Bronx,549,40.0
2013,10468,Bronx,772,223.0
2014,10468,Bronx,748,-24.0
2015,10468,Bronx,756,8.0
2016,10468,Bronx,802,46.0
2017,10468,Bronx,977,175.0
2011,10469,Bronx,40,12.0
2012,10469,Bronx,36,-4.0
2013,10469,Bronx,22,-14.0
2014,10469,Bronx,25,3.0
2015,10469,Bronx,20,-5.0
2016,10469,Bronx,54,34.0
2017,10469,Bronx,40,-14.0
2011,10470,Bronx,6,4.0
2012,10470,Bronx,1,-5.0
2013,10470,Bronx,2,1.0
2014,10470,Bronx,6,4.0
2015,10470,Bronx,8,2.0
2016,10470,Bronx,18,10.0
2017,10470,Bronx,12,-6.0
2011,10471,Bronx,4,-2.0
2012,10471,Bronx,9,5.0
2013,10471,Bronx,11,2.0
2014,10471,Bronx,23,12.0
2015,10471,Bronx,18,-5.0
2016,10471,Bronx,26,8.0
2017,10471,Bronx,25,-1.0
2011,10472,Bronx,362,-48.0
2012,10472,Bronx,285,-77.0
2013,10472,Bronx,450,165.0
2014,10472,Bronx,182,-268.0
2015,10472,Bronx,151,-31.0
2016,10472,Bronx,271,120.0
2017,10472,Bronx,361,90.0
2011,10473,Bronx,25,-3.0
2012,10473,Bronx,20,-5.0
2013,10473,Bronx,20,0.0
2014,10473,Bronx,15,-5.0
2015,10473,Bronx,20,5.0
2016,10473,Bronx,42,22.0
2017,10473,Bronx,51,9.0
2011,10474,Bronx,24,-28.0
2012,10474,Bronx,104,80.0
2013,10474,Bronx,44,-60.0
2014,10474,Bronx,59,15.0
2015,10474,Bronx,124,65.0
2016,10474,Bronx,144,20.0
2017,10474,Bronx,189,45.0
2011,10475,Bronx,12,3.0
2012,10475,Bronx,5,-7.0
2013,10475,Bronx,1,-4.0
2014,10475,Bronx,1,0.0
2015,10475,Bronx,1,0.0
2016,10475,Bronx,2,1.0
2017,10475,Bronx,8,6.0
2011,11101,Queens,144,72.0
2012,11101,Queens,41,-103.0
2013,11101,Queens,112,71.0
2014,11101,Queens,53,-59.0
2015,11101,Queens,44,-9.0
2016,11101,Queens,90,46.0
2017,11101,Queens,62,-28.0
2011,11102,Queens,6,3.0
2012,11102,Queens,12,6.0
2013,11102,Queens,6,-6.0
2014,11102,Queens,21,15.0
2015,11102,Queens,14,-7.0
2016,11102,Queens,8,-6.0
2017,11102,Queens,15,7.0
2011,11103,Queens,57,44.0
2012,11103,Queens,6,-51.0
2013,11103,Queens,50,44.0
2014,11103,Queens,45,-5.0
2015,11103,Queens,11,-34.0
2016,11103,Queens,191,180.0
2017,11103,Queens,49,-142.0
2011,11104,Queens,32,4.0
2012,11104,Queens,37,5.0
2013,11104,Queens,11,-26.0
2014,11104,Queens,11,0.0
2015,11104,Queens,4,-7.0
2016,11104,Queens,7,3.0
2017,11104,Queens,4,-3.0
2011,11105,Queens,4,3.0
2012,11105,Queens,4,0.0
2013,11105,Queens,10,6.0
2014,11105,Queens,7,-3.0
2015,11105,Queens,11,4.0
2016,11105,Queens,4,-7.0
2017,11105,Queens,1,-3.0
2011,11106,Queens,32,-1.0
2012,11106,Queens,8,-24.0
2013,11106,Queens,35,27.0
2014,11106,Queens,17,-18.0
2015,11106,Queens,34,17.0
2016,11106,Queens,44,10.0
2017,11106,Queens,26,-18.0
2011,11201,Brooklyn,104,-27.0
2012,11201,Brooklyn,87,-17.0
2013,11201,Brooklyn,166,79.0
2014,11201,Brooklyn,79,-87.0
2015,11201,Brooklyn,199,120.0
2016,11201,Brooklyn,188,-11.0
2017,11201,Brooklyn,115,-73.0
2011,11203,Brooklyn,89,43.0
2012,11203,Brooklyn,33,-56.0
2013,11203,Brooklyn,18,-15.0
2014,11203,Brooklyn,23,5.0
2015,11203,Brooklyn,26,3.0
2016,11203,Brooklyn,59,33.0
2017,11203,Brooklyn,48,-11.0
2011,11205,Brooklyn,209,-44.0
2012,11205,Brooklyn,112,-97.0
2013,11205,Brooklyn,174,62.0
2014,11205,Brooklyn,173,-1.0
2015,11205,Brooklyn,184,11.0
2016,11205,Brooklyn,291,107.0
2017,11205,Brooklyn,572,281.0
2011,11206,Brooklyn,428,74.0
2012,11206,Brooklyn,335,-93.0
2013,11206,Brooklyn,272,-63.0
2014,11206,Brooklyn,497,225.0
2015,11206,Brooklyn,293,-204.0
2016,11206,Brooklyn,585,292.0
2017,11206,Brooklyn,1160,575.0
2011,11207,Brooklyn,92,-49.0
2012,11207,Brooklyn,189,97.0
2013,11207,Brooklyn,56,-133.0
2014,11207,Brooklyn,75,19.0
2015,11207,Brooklyn,107,32.0
2016,11207,Brooklyn,150,43.0
2017,11207,Brooklyn,200,50.0
2011,11208,Brooklyn,14,-30.0
2012,11208,Brooklyn,47,33.0
2013,11208,Brooklyn,9,-38.0
2014,11208,Brooklyn,22,13.0
2015,11208,Brooklyn,48,26.0
2016,11208,Brooklyn,31,-17.0
2017,11208,Brooklyn,57,26.0
2011,11209,Brooklyn,2,-3.0
2012,11209,Brooklyn,8,6.0
2013,11209,Brooklyn,3,-5.0
2014,11209,Brooklyn,3,0.0
2015,11209,Brooklyn,5,2.0
2016,11209,Brooklyn,6,1.0
2017,11209,Brooklyn,1,-5.0
2011,11210,Brooklyn,21,-8.0
2012,11210,Brooklyn,10,-11.0
2013,11210,Brooklyn,4,-6.0
2014,11210,Brooklyn,14,10.0
2015,11210,Brooklyn,20,6.0
2016,11210,Brooklyn,27,7.0
2017,11210,Brooklyn,35,8.0
2011,11211,Brooklyn,363,75.0
2012,11211,Brooklyn,215,-148.0
2013,11211,Brooklyn,182,-33.0
2014,11211,Brooklyn,133,-49.0
2015,11211,Brooklyn,216,83.0
2016,11211,Brooklyn,343,127.0
2017,11211,Brooklyn,311,-32.0
2011,11212,Brooklyn,55,-5.0
2012,11212,Brooklyn,21,-34.0
2013,11212,Brooklyn,23,2.0
2014,11212,Brooklyn,43,20.0
2015,11212,Brooklyn,65,22.0
2016,11212,Brooklyn,155,90.0
2017,11212,Brooklyn,143,-12.0
2011,11213,Brooklyn,177,21.0
2012,11213,Brooklyn,158,-19.0
2013,11213,Brooklyn,197,39.0
2014,11213,Brooklyn,211,14.0
2015,11213,Brooklyn,163,-48.0
2016,11213,Brooklyn,263,100.0
2017,11213,Brooklyn,280,17.0
2011,11214,Brooklyn,14,-3.0
2012,11214,Brooklyn,6,-8.0
2013,11214,Brooklyn,2,-4.0
2014,11214,Brooklyn,19,17.0
2015,11214,Brooklyn,29,10.0
2016,11214,Brooklyn,25,-4.0
2017,11214,Brooklyn,26,1.0
2011,11215,Brooklyn,146,30.0
2012,11215,Brooklyn,127,-19.0
2013,11215,Brooklyn,72,-55.0
2014,11215,Brooklyn,80,8.0
2015,11215,Brooklyn,198,118.0
2016,11215,Brooklyn,214,16.0
2017,11215,Brooklyn,264,50.0
2011,11216,Brooklyn,534,363.0
2012,11216,Brooklyn,382,-152.0
2013,11216,Brooklyn,176,-206.0
2014,11216,Brooklyn,382,206.0
2015,11216,Brooklyn,349,-33.0
2016,11216,Brooklyn,862,513.0
2017,11216,Brooklyn,1070,208.0
2011,11217,Brooklyn,356,71.0
2012,11217,Brooklyn,368,12.0
2013,11217,Brooklyn,204,-164.0
2014,11217,Brooklyn,182,-22.0
2015,11217,Brooklyn,202,20.0
2016,11217,Brooklyn,310,108.0
2017,11217,Brooklyn,347,37.0
2011,11218,Brooklyn,38,17.0
2012,11218,Brooklyn,7,-31.0
2013,11218,Brooklyn,9,2.0
2014,11218,Brooklyn,9,0.0
2015,11218,Brooklyn,29,20.0
2016,11218,Brooklyn,24,-5.0
2017,11218,Brooklyn,28,4.0
2011,11220,Brooklyn,26,-16.0
2012,11220,Brooklyn,13,-13.0
2013,11220,Brooklyn,7,-6.0
2014,11220,Brooklyn,15,8.0
2015,11220,Brooklyn,20,5.0
2016,11220,Brooklyn,13,-7.0
2017,11220,Brooklyn,24,11.0
2011,11221,Brooklyn,645,76.0
2012,11221,Brooklyn,750,105.0
2013,11221,Brooklyn,433,-317.0
2014,11221,Brooklyn,636,203.0
2015,11221,Brooklyn,625,-11.0
2016,11221,Brooklyn,645,20.0
2017,11221,Brooklyn,1378,733.0
2011,11222,Brooklyn,172,60.0
2012,11222,Brooklyn,79,-93.0
2013,11222,Brooklyn,116,37.0
2014,11222,Brooklyn,157,41.0
2015,11222,Brooklyn,107,-50.0
2016,11222,Brooklyn,95,-12.0
2017,11222,Brooklyn,119,24.0
2011,11223,Brooklyn,4,-5.0
2012,11223,Brooklyn,1,-3.0
2013,11223,Brooklyn,1,0.0
2014,11223,Brooklyn,42,41.0
2015,11223,Brooklyn,9,-33.0
2016,11223,Brooklyn,9,0.0
2017,11223,Brooklyn,6,-3.0
2011,11224,Brooklyn,22,-1.0
2012,11224,Brooklyn,2,-20.0
2013,11224,Brooklyn,7,5.0
2014,11224,Brooklyn,17,10.0
2015,11224,Brooklyn,12,-5.0
2016,11224,Brooklyn,24,12.0
2017,11224,Brooklyn,17,-7.0
2011,11225,Brooklyn,180,50.0
2012,11225,Brooklyn,90,-90.0
2013,11225,Brooklyn,148,58.0
2014,11225,Brooklyn,108,-40.0
2015,11225,Brooklyn,114,6.0
2016,11225,Brooklyn,102,-12.0
2017,11225,Brooklyn,157,55.0
2011,11226,Brooklyn,68,5.0
2012,11226,Brooklyn,33,-35.0
2013,11226,Brooklyn,59,26.0
2014,11226,Brooklyn,126,67.0
2015,11226,Brooklyn,122,-4.0
2016,11226,Brooklyn,254,132.0
2017,11226,Brooklyn,373,119.0
2011,11230,Brooklyn,3,-13.0
2012,11230,Brooklyn,9,6.0
2013,11230,Brooklyn,10,1.0
2014,11230,Brooklyn,8,-2.0
2015,11230,Brooklyn,10,2.0
2016,11230,Brooklyn,10,0.0
2017,11230,Brooklyn,14,4.0
2011,11231,Brooklyn,15,-46.0
2012,11231,Brooklyn,13,-2.0
2013,11231,Brooklyn,15,2.0
2014,11231,Brooklyn,20,5.0
2015,11231,Brooklyn,25,5.0
2016,11231,Brooklyn,39,14.0
2017,11231,Brooklyn,33,-6.0
2011,11232,Brooklyn,25,-7.0
2012,11232,Brooklyn,11,-14.0
2013,11232,Brooklyn,10,-1.0
2014,11232,Brooklyn,14,4.0
2015,11232,Brooklyn,12,-2.0
2016,11232,Brooklyn,27,15.0
2017,11232,Brooklyn,29,2.0
2011,11233,Brooklyn,59,-145.0
2012,11233,Brooklyn,48,-11.0
2013,11233,Brooklyn,104,56.0
2014,11233,Brooklyn,190,86.0
2015,11233,Brooklyn,185,-5.0
2016,11233,Brooklyn,271,86.0
2017,11233,Brooklyn,220,-51.0
2011,11234,Brooklyn,2,-8.0
2012,11234,Brooklyn,4,2.0
2013,11234,Brooklyn,3,-1.0
2014,11234,Brooklyn,4,1.0
2015,11234,Brooklyn,11,7.0
2016,11234,Brooklyn,10,-1.0
2017,11234,Brooklyn,9,-1.0
2011,11235,Brooklyn,50,-1.0
2012,11235,Brooklyn,22,-28.0
2013,11235,Brooklyn,11,-11.0
2014,11235,Brooklyn,32,21.0
2015,11235,Brooklyn,41,9.0
2016,11235,Brooklyn,74,33.0
2017,11235,Brooklyn,60,-14.0
2011,11236,Brooklyn,17,4.0
2012,11236,Brooklyn,7,-10.0
2013,11236,Brooklyn,4,-3.0
2014,11236,Brooklyn,23,19.0
2015,11236,Brooklyn,11,-12.0
2016,11236,Brooklyn,8,-3.0
2017,11236,Brooklyn,21,13.0
2011,11237,Brooklyn,412,-42.0
2012,11237,Brooklyn,671,259.0
2013,11237,Brooklyn,298,-373.0
2014,11237,Brooklyn,364,66.0
2015,11237,Brooklyn,359,-5.0
2016,11237,Brooklyn,826,467.0
2017,11237,Brooklyn,1489,663.0
2011,11238,Brooklyn,383,62.0
2012,11238,Brooklyn,249,-134.0
2013,11238,Brooklyn,184,-65.0
2014,11238,Brooklyn,231,47.0
2015,11238,Brooklyn,259,28.0
2016,11238,Brooklyn,309,50.0
2017,11238,Brooklyn,569,260.0
2011,11354,Queens,37,30.0
2012,11354,Queens,3,-34.0
2013,11354,Queens,2,-1.0
2014,11354,Queens,5,3.0
2015,11354,Queens,15,10.0
2016,11354,Queens,13,-2.0
2017,11354,Queens,17,4.0
2011,11355,Queens,36,28.0
2012,11355,Queens,9,-27.0
2013,11355,Queens,10,1.0
2014,11355,Queens,14,4.0
2015,11355,Queens,12,-2.0
2016,11355,Queens,25,13.0
2017,11355,Queens,24,-1.0
2011,11368,Queens,33,-59.0
2012,11368,Queens,132,99.0
2013,11368,Queens,76,-56.0
2014,11368,Queens,56,-20.0
2015,11368,Queens,64,8.0
2016,11368,Queens,93,29.0
2017,11368,Queens,88,-5.0
2011,11370,Queens,2,0.0
2012,11370,Queens,7,5.0
2013,11370,Queens,1,-6.0
2014,11370,Queens,2,1.0
2015,11370,Queens,1,-1.0
2016,11370,Queens,8,7.0
2017,11370,Queens,19,11.0
2011,11372,Queens,88,-215.0
2012,11372,Queens,37,-51.0
2013,11372,Queens,41,4.0
2014,11372,Queens,103,62.0
2015,11372,Queens,83,-20.0
2016,11372,Queens,216,133.0
2017,11372,Queens,216,0.0
2011,11373,Queens,32,-15.0
2012,11373,Queens,62,30.0
2013,11373,Queens,57,-5.0
2014,11373,Queens,71,14.0
2015,11373,Queens,68,-3.0
2016,11373,Queens,63,-5.0
2017,11373,Queens,57,-6.0
2011,11374,Queens,2,1.0
2012,11374,Queens,8,6.0
2013,11374,Queens,5,-3.0
2014,11374,Queens,19,14.0
2015,11374,Queens,19,0.0
2016,11374,Queens,30,11.0
2017,11374,Queens,40,10.0
2011,11375,Queens,8,-14.0
2012,11375,Queens,2,-6.0
2013,11375,Queens,14,12.0
2014,11375,Queens,26,12.0
2015,11375,Queens,6,-20.0
2016,11375,Queens,12,6.0
2017,11375,Queens,14,2.0
2011,11377,Queens,41,-74.0
2012,11377,Queens,26,-15.0
2013,11377,Queens,40,14.0
2014,11377,Queens,71,31.0
2015,11377,Queens,58,-13.0
2016,11377,Queens,136,78.0
2017,11377,Queens,122,-14.0
2011,11378,Queens,17,12.0
2012,11378,Queens,12,-5.0
2013,11378,Queens,14,2.0
2014,11378,Queens,7,-7.0
2015,11378,Queens,10,3.0
2016,11378,Queens,20,10.0
2017,11378,Queens,25,5.0
2011,11379,Queens,9,0.0
2012,11379,Queens,7,-2.0
2013,11379,Queens,6,-1.0
2014,11379,Queens,10,4.0
2015,11379,Queens,4,-6.0
2016,11379,Queens,4,0.0
2017,11379,Queens,15,11.0
2011,11385,Queens,208,63.0
2012,11385,Queens,204,-4.0
2013,11385,Queens,396,192.0
2014,11385,Queens,222,-174.0
2015,11385,Queens,117,-105.0
2016,11385,Queens,416,299.0
2017,11385,Queens,345,-71.0
2011,11415,Queens,3,-4.0
2012,11415,Queens,3,0.0
2013,11415,Queens,2,-1.0
2014,11415,Queens,2,0.0
2015,11415,Queens,1,-1.0
2016,11415,Queens,9,8.0
2017,11415,Queens,6,-3.0
2010,11416,Queens,4,3.0
2011,11416,Queens,2,-2.0
2013,11416,Queens,1,-1.0
2014,11416,Queens,2,1.0
2015,11416,Queens,3,1.0
2016,11416,Queens,2,-1.0
2017,11416,Queens,7,5.0
2011,11417,Queens,5,-5.0
2012,11417,Queens,7,2.0
2013,11417,Queens,4,-3.0
2014,11417,Queens,1,-3.0
2015,11417,Queens,5,4.0
2016,11417,Queens,8,3.0
2017,11417,Queens,14,6.0
2011,11418,Queens,4,2.0
2012,11418,Queens,16,12.0
2013,11418,Queens,7,-9.0
2014,11418,Queens,12,5.0
2015,11418,Queens,10,-2.0
2016,11418,Queens,17,7.0
2017,11418,Queens,35,18.0
2011,11419,Queens,4,-2.0
2012,11419,Queens,4,0.0
2013,11419,Queens,6,2.0
2014,11419,Queens,3,-3.0
2015,11419,Queens,10,7.0
2016,11419,Queens,4,-6.0
2017,11419,Queens,23,19.0
2011,11420,Queens,2,-26.0
2012,11420,Queens,2,0.0
2013,11420,Queens,8,6.0
2014,11420,Queens,3,-5.0
2015,11420,Queens,20,17.0
2016,11420,Queens,9,-11.0
2017,11420,Queens,6,-3.0
2011,11421,Queens,5,-1.0
2012,11421,Queens,3,-2.0
2013,11421,Queens,2,-1.0
2014,11421,Queens,10,8.0
2015,11421,Queens,5,-5.0
2016,11421,Queens,10,5.0
2017,11421,Queens,3,-7.0
2011,11429,Queens,1,0.0
2012,11429,Queens,3,2.0
2013,11429,Queens,1,-2.0
2014,11429,Queens,6,5.0
2015,11429,Queens,12,6.0
2016,11429,Queens,2,-10.0
2017,11429,Queens,3,1.0
2011,11432,Queens,57,-106.0
2012,11432,Queens,66,9.0
2013,11432,Queens,76,10.0
2014,11432,Queens,57,-19.0
2015,11432,Queens,46,-11.0
2016,11432,Queens,22,-24.0
2017,11432,Queens,51,29.0
2011,11433,Queens,26,-14.0
2012,11433,Queens,24,-2.0
2013,11433,Queens,53,29.0
2014,11433,Queens,21,-32.0
2015,11433,Queens,18,-3.0
2016,11433,Queens,16,-2.0
2017,11433,Queens,37,21.0
2011,11434,Queens,7,-1.0
2012,11434,Queens,7,0.0
2013,11434,Queens,7,0.0
2014,11434,Queens,8,1.0
2015,11434,Queens,6,-2.0
2016,11434,Queens,3,-3.0
2017,11434,Queens,2,-1.0
2011,11435,Queens,23,-176.0
2012,11435,Queens,43,20.0
2013,11435,Queens,53,10.0
2014,11435,Queens,31,-22.0
2015,11435,Queens,20,-11.0
2016,11435,Queens,36,16.0
2017,11435,Queens,85,49.0
